file_Asia Pacific (Osaka),frontend_Asia Pacific (Osaka),
file_Asia Pacific (Seoul),frontend_Asia Pacific (Seoul),
file_Asia Pacific (Tokyo),frontend_Asia Pacific (Tokyo),
file_Europe (London),frontend_Europe (London),
file_Europe (Milan),frontend_Europe (Milan),
file_Europe (Paris),frontend_Europe (Paris),
file_Europe (Zurich),frontend_Europe (Zurich),
file_US East (Ohio),frontend_US East (Ohio),
file_US East (Virginia),frontend_US East (Virginia),
file_US West (N. California),frontend_US West (N. California),
file_US West (Oregon),frontend_US West (Oregon),
file_Asia Pacific (Singapore),frontend_Asia Pacific (Singapore),
file_Asia Pacific (Mumbai),frontend_Asia Pacific (Mumbai),
file_South America (Sao Paulo),frontend_South America (Sao Paulo),
file_Canada (Central),frontend_Canada (Central),
file_Asia Pacific (Sidney),frontend_Asia Pacific (Sidney),
file_EU (Frankfurt),frontend_EU (Frankfurt),
file_EU (Ireland),frontend_EU (Ireland),
file_EU (Stockholm),frontend_EU (Stockholm),